"Path","Platform","Compiled","Cooked","Permutations","Compiletime","CompiledDouble","CookedDouble"
"Globals","0","2854","0","1","0.000000","0","0"
"/Engine/EngineMaterials/PhAT_JointLimitMaterial.PhAT_JointLimitMaterial","0","0","16","1","0.000000","0","0"
"/Engine/EngineMaterials/GizmoMaterial.GizmoMaterial","0","0","8","1","0.000000","0","0"
"/Engine/EngineMaterials/M_InvalidLightmapSettings.M_InvalidLightmapSettings","0","0","24","1","0.000000","0","0"
"/Engine/EngineMaterials/EmissiveMeshMaterial.EmissiveMeshMaterial","0","0","10","1","0.000000","0","0"
"/Engine/EngineDebugMaterials/DebugMeshMaterial.DebugMeshMaterial","0","0","10","1","0.000000","0","0"
"/Engine/EngineMaterials/RemoveSurfaceMaterial.RemoveSurfaceMaterial","0","0","2","1","0.000000","0","0"
"/OculusVR/Materials/OculusMR_OpaqueColoredMaterial.OculusMR_OpaqueColoredMaterial","0","0","2","1","0.000000","0","0"
"/OculusVR/Materials/OculusMR_ChromaKey.OculusMR_ChromaKey","0","0","8","1","0.000000","0","0"
"/SpeedTreeImporter/SpeedTree9/SpeedTreeBillboardMaster.SpeedTreeBillboardMaster","0","0","70","1","0.000000","0","0"
"/SpeedTreeImporter/SpeedTree9/SpeedTreeMaster.SpeedTreeMaster","0","0","96","1","0.000000","0","0"
"/Engine/EngineDebugMaterials/M_VolumeRenderSphereTracePP.M_VolumeRenderSphereTracePP","0","0","4","1","0.000000","0","0"
"/Engine/EngineDebugMaterials/WireframeMaterial.WireframeMaterial","0","0","598","1","0.000000","0","0"
"/Engine/EngineDebugMaterials/VertexColorMaterial.VertexColorMaterial","0","0","90","1","0.000000","0","0"
"/Engine/EngineMaterials/DefaultMaterial.DefaultMaterial","0","0","123","1","0.000000","0","0"
"/Engine/ArtTools/RenderToTexture/Materials/Debug/M_Emissive_Color.M_Emissive_Color","0","0","2","1","0.000000","0","0"
"/Paper2D/DefaultSpriteMaterial.DefaultSpriteMaterial","0","0","62","2","0.000000","0","0"
"/OculusVR/Materials/PokeAHoleMaterial.PokeAHoleMaterial","0","0","8","1","0.000000","0","0"
"/Engine/EngineDebugMaterials/M_SimpleUnlitTranslucent.M_SimpleUnlitTranslucent","0","0","8","1","0.000000","0","0"
"/Engine/EditorMaterials/Camera/CineMat.CineMat","0","0","24","1","0.000000","0","0"
"/Engine/VREditor/TransformGizmo/TranslucentTransformGizmoMaterial.TranslucentTransformGizmoMaterial","0","0","8","1","0.000000","0","0"
"/Engine/VREditor/TransformGizmo/TransformGizmoMaterial.TransformGizmoMaterial","0","0","2","1","0.000000","0","0"
"/Engine/EngineMaterials/Widget3DPassThrough.Widget3DPassThrough","0","0","74","6","0.000000","0","0"
"/Engine/VREditor/TransformGizmo/Xray.Xray","0","0","12","1","0.000000","0","0"
"/Engine/VREditor/TransformGizmo/Main.Main","0","0","8","1","0.000000","0","0"
"/Engine/EngineMaterials/BaseFlattenMaterial.BaseFlattenMaterial","0","0","52","1","0.000000","0","0"
"/Engine/EngineSky/VolumetricClouds/m_SimpleVolumetricCloud.m_SimpleVolumetricCloud","0","0","44","1","0.000000","0","0"
"/Engine/EngineMaterials/DefaultPostProcessMaterial.DefaultPostProcessMaterial","0","0","6","1","0.000000","0","0"
"/Engine/EngineMaterials/DefaultLightFunctionMaterial.DefaultLightFunctionMaterial","0","0","17","1","0.000000","0","0"
"/Engine/EngineMaterials/DefaultDeferredDecalMaterial.DefaultDeferredDecalMaterial","0","0","115","1","0.000000","0","0"
"/Engine/EngineMaterials/WorldGridMaterial.WorldGridMaterial","0","0","871","1","0.000000","0","0"
"/Engine/EngineMaterials/DefaultTextMaterialOpaque.DefaultTextMaterialOpaque","0","0","35","1","0.000000","0","0"
"/Game/EF_Lewis/Materials/Master_Props_Imagination_Mat.Master_Props_Imagination_Mat","0","337","342","4","263.734558","0","78"
"/Game/EF_Lewis/Common/MasterMaterial/Master_Props_Mat.Master_Props_Mat","0","647","654","6","471.602966","0","102"
"/Game/EF_Lewis/Common/MasterMaterial/Master_VertHeightLerp_Mat.Master_VertHeightLerp_Mat","0","132","132","4","345.007202","264","264"
"/Game/EF_Lewis/Common/MasterMaterial/Master_Glass_Mat.Master_Glass_Mat","0","306","306","3","2355.828369","0","0"
"/Game/InfinityBladeEffects/Effects/Masters/M_Add_Trail_2Sided_Pan_Master.M_Add_Trail_2Sided_Pan_Master","0","60","60","2","31.628620","0","0"
"/Game/FPS_Weapon_Bundle/Weapons/Materials/Master_Material/M_Weapon_Master_USE.M_Weapon_Master_USE","0","240","252","4","163.784454","0","0"
"/Game/FPS_Weapon_Bundle/Weapons/Materials/Master_Material/M_RDS_Master.M_RDS_Master","0","16","16","2","11.282290","0","0"
"/Game/FPS_Weapon_Bundle/Weapons/Materials/Master_Material/M_Scope_Lens_MASTER.M_Scope_Lens_MASTER","0","61","61","2","299.700409","0","0"
"/Game/EF_Lewis/Common/MasterMaterial/Master_WorldMaterial_Mat.Master_WorldMaterial_Mat","0","109","111","3","86.148453","0","0"
"/Game/EF_Lewis/Common/MasterMaterial/Master_Props_Emmisive_Mat.Master_Props_Emmisive_Mat","0","200","200","5","165.592377","0","0"
"/Game/EF_Lewis/Common/MasterMaterial/MASTER_BaseColor_Mat.MASTER_BaseColor_Mat","0","333","342","3","221.560425","0","0"
"/Game/EF_Lewis/Common/MasterMaterial/Master_Props_SubSurface_Mat.Master_Props_SubSurface_Mat","0","210","216","2","164.081360","0","0"
"/Game/EF_Lewis/Common/MasterMaterial/Master_Props_Panner_Masked_Mat.Master_Props_Panner_Masked_Mat","0","76","78","2","57.854900","0","0"
"/Game/Player/Ch33_hair.Ch33_hair","0","56","56","1","46.007938","0","0"
"/Game/Player/Ch33_body.Ch33_body","0","24","24","1","16.902491","0","0"
"/Game/sucai/M_lilMap.M_lilMap","0","9","9","1","3.042470","0","0"
"/Game/InfinityBladeEffects/Effects/Masters/M_Add_Sprite_SubUV_Master.M_Add_Sprite_SubUV_Master","0","32","32","1","17.908901","0","0"
"/Game/InfinityBladeEffects/Effects/Masters/M_Add_Sprite_Master_DepthFade.M_Add_Sprite_Master_DepthFade","0","32","32","1","17.555252","0","0"
"/Game/sucai/M_Bullet.M_Bullet","0","12","12","1","10.082166","0","0"
"/Game/Monster/Ch36_Body.Ch36_Body","0","24","24","1","17.069597","0","0"
"/Game/Ammo_box/lambert2.lambert2","0","12","12","1","10.177972","0","0"
"/Engine/BasicShapes/BasicShapeMaterial.BasicShapeMaterial","0","0","63","1","0.000000","0","0"
"/Game/EF_Lewis/Common/MasterMaterial/Master_Opaque_Mat.Master_Opaque_Mat","0","90","90","1","69.244156","0","0"
"/Game/EF_Lewis/Materials/metal_a_Mat.metal_a_Mat","0","43","45","1","29.916349","0","0"
"/Game/EF_Lewis/Common/MasterMaterial/Master_Opaque_DiffuseOnly.Master_Opaque_DiffuseOnly","0","86","90","1","57.242294","0","0"
"/Game/EF_Lewis/Common/MasterMaterial/MASTER_EmissiveColor_Mat.MASTER_EmissiveColor_Mat","0","12","12","1","6.998374","0","0"
"/Engine/EditorMaterials/PreviewShadowIndicatorMaterial.PreviewShadowIndicatorMaterial","0","0","17","1","0.000000","0","0"
"/Engine/EngineDebugMaterials/DebugEditorMaterial.DebugEditorMaterial","0","0","8","1","0.000000","0","0"
"/Game/Mannequin/Character/Materials/M_Male_Body.M_Male_Body","0","0","152","2","0.000000","0","0"
"/Game/ThirdPerson/Meshes/RampMaterial.RampMaterial","0","0","21","1","0.000000","0","0"
"/Game/Geometry/Meshes/CubeMaterial.CubeMaterial","0","0","21","1","0.000000","0","0"
"/Engine/EngineSky/M_Sky_Panning_Clouds2.M_Sky_Panning_Clouds2","0","0","2","1","0.000000","0","0"
"/Game/StarterContent/Materials/M_Rock_Sandstone.M_Rock_Sandstone","0","0","21","1","0.000000","0","0"
"/Game/StarterContent/Materials/M_Rock_Marble_Polished.M_Rock_Marble_Polished","0","0","21","1","0.000000","0","0"
"/Game/StarterContent/Materials/M_Rock_Basalt.M_Rock_Basalt","0","0","21","1","0.000000","0","0"
"/Game/StarterContent/Materials/M_Metal_Steel.M_Metal_Steel","0","0","21","1","0.000000","0","0"
"/Game/StarterContent/Materials/M_Metal_Rust.M_Metal_Rust","0","0","21","1","0.000000","0","0"
"/Game/StarterContent/Materials/M_Metal_Gold.M_Metal_Gold","0","0","21","1","0.000000","0","0"
"/Game/StarterContent/Materials/M_Metal_Chrome.M_Metal_Chrome","0","0","21","1","0.000000","0","0"
"/Game/StarterContent/Materials/M_Ground_Moss.M_Ground_Moss","0","0","21","1","0.000000","0","0"
"/Game/StarterContent/Materials/M_Ground_Gravel.M_Ground_Gravel","0","0","21","1","0.000000","0","0"
"/Game/StarterContent/Materials/M_Ground_Grass.M_Ground_Grass","0","0","21","1","0.000000","0","0"
"/Game/StarterContent/Materials/M_Concrete_Tiles.M_Concrete_Tiles","0","0","21","1","0.000000","0","0"
"/Game/StarterContent/Materials/M_Concrete_Panels.M_Concrete_Panels","0","0","21","1","0.000000","0","0"
"/Game/StarterContent/Materials/M_Concrete_Grime.M_Concrete_Grime","0","0","21","1","0.000000","0","0"
"/Game/StarterContent/Materials/M_CobbleStone_Smooth.M_CobbleStone_Smooth","0","0","21","1","0.000000","0","0"
"/Game/StarterContent/Materials/M_CobbleStone_Rough.M_CobbleStone_Rough","0","0","21","1","0.000000","0","0"
"/Game/StarterContent/Materials/M_CobbleStone_Pebble.M_CobbleStone_Pebble","0","0","21","1","0.000000","0","0"
"/Game/StarterContent/Materials/M_Ceramic_Tile_Checker.M_Ceramic_Tile_Checker","0","0","21","1","0.000000","0","0"
"/Game/StarterContent/Materials/M_Brick_Hewn_Stone.M_Brick_Hewn_Stone","0","0","21","1","0.000000","0","0"
"/Game/StarterContent/Materials/M_Brick_Cut_Stone.M_Brick_Cut_Stone","0","0","21","1","0.000000","0","0"
"/Game/StarterContent/Materials/M_Brick_Clay_Old.M_Brick_Clay_Old","0","0","21","1","0.000000","0","0"
"/Game/StarterContent/Materials/M_Brick_Clay_New.M_Brick_Clay_New","0","0","21","1","0.000000","0","0"
"/Game/StarterContent/Materials/M_Brick_Clay_Beveled.M_Brick_Clay_Beveled","0","0","21","1","0.000000","0","0"
"/Engine/EngineMaterials/AntiAliasedTextMaterialTranslucent.AntiAliasedTextMaterialTranslucent","0","0","30","1","0.000000","0","0"
"/Game/StarterContent/Materials/M_Concrete_Poured.M_Concrete_Poured","0","0","21","1","0.000000","0","0"
"/Game/StarterContent/Props/Materials/M_TableRound.M_TableRound","0","0","21","1","0.000000","0","0"
"/Game/StarterContent/Props/Materials/M_Statue.M_Statue","0","0","21","1","0.000000","0","0"
"/Game/StarterContent/Props/Materials/M_StatueGlass.M_StatueGlass","0","0","42","1","0.000000","0","0"
"/Game/StarterContent/Props/Materials/M_Chair.M_Chair","0","0","21","1","0.000000","0","0"
"/Game/StarterContent/Materials/M_Metal_Copper.M_Metal_Copper","0","0","21","1","0.000000","0","0"
"/Game/StarterContent/Materials/M_Metal_Burnished_Steel.M_Metal_Burnished_Steel","0","0","21","1","0.000000","0","0"
"/Game/StarterContent/Materials/M_Metal_Brushed_Nickel.M_Metal_Brushed_Nickel","0","0","21","1","0.000000","0","0"
"/Game/StarterContent/Props/Materials/M_Lamp.M_Lamp","0","0","21","1","0.000000","0","0"
"/Game/StarterContent/Particles/Materials/M_smoke_subUV.M_smoke_subUV","0","0","84","1","0.000000","0","0"
"/Game/StarterContent/Particles/Materials/M_Spark.M_Spark","0","0","24","1","0.000000","0","0"
"/Game/StarterContent/Particles/Materials/M_Radial_Gradient.M_Radial_Gradient","0","0","32","1","0.000000","0","0"
"/Game/StarterContent/Particles/Materials/M_Heat_Distortion.M_Heat_Distortion","0","0","36","1","0.000000","0","0"
"/Game/StarterContent/Particles/Materials/M_Fire_SubUV.M_Fire_SubUV","0","0","24","1","0.000000","0","0"
"/Game/StarterContent/Materials/M_Basic_Wall.M_Basic_Wall","0","0","21","1","0.000000","0","0"
"/Game/StarterContent/Props/Materials/M_Frame.M_Frame","0","0","21","1","0.000000","0","0"
"/Game/StarterContent/Materials/M_Glass.M_Glass","0","0","42","1","0.000000","0","0"
"/Game/StarterContent/Particles/Materials/M_Dust_Particle.M_Dust_Particle","0","0","112","1","0.000000","0","0"
"/Game/StarterContent/Materials/M_Wood_Walnut.M_Wood_Walnut","0","0","21","1","0.000000","0","0"
"/Game/StarterContent/Materials/M_Wood_Pine.M_Wood_Pine","0","0","21","1","0.000000","0","0"
"/Game/StarterContent/Materials/M_Wood_Oak.M_Wood_Oak","0","0","21","1","0.000000","0","0"
"/Game/StarterContent/Materials/M_Wood_Floor_Walnut_Worn.M_Wood_Floor_Walnut_Worn","0","0","21","1","0.000000","0","0"
"/Game/StarterContent/Materials/M_Wood_Floor_Walnut_Polished.M_Wood_Floor_Walnut_Polished","0","0","21","1","0.000000","0","0"
"/Game/StarterContent/Materials/M_Water_Ocean.M_Water_Ocean","0","0","21","1","0.000000","0","0"
"/Game/StarterContent/Materials/M_Water_Lake.M_Water_Lake","0","0","21","1","0.000000","0","0"
"/Game/StarterContent/Materials/M_Tech_Panel.M_Tech_Panel","0","0","21","1","0.000000","0","0"
"/Game/StarterContent/Materials/M_Tech_Hex_Tile_Pulse.M_Tech_Hex_Tile_Pulse","0","0","21","1","0.000000","0","0"
"/Game/StarterContent/Materials/M_Tech_Hex_Tile.M_Tech_Hex_Tile","0","0","21","1","0.000000","0","0"
"/Game/StarterContent/Materials/M_Tech_Checker_Dot.M_Tech_Checker_Dot","0","0","21","1","0.000000","0","0"
"/Game/StarterContent/Materials/M_Rock_Slate.M_Rock_Slate","0","0","21","1","0.000000","0","0"
"/Game/StarterContent/Materials/M_Basic_Floor.M_Basic_Floor","0","0","21","1","0.000000","0","0"
"/Engine/EditorMeshes/ColorCalibrator/M_GreyBall.M_GreyBall","0","0","21","1","0.000000","0","0"
"/Engine/EditorMeshes/ColorCalibrator/M_ColorGrid.M_ColorGrid","0","0","21","1","0.000000","0","0"
"/Engine/EditorMeshes/ColorCalibrator/M_ClearCoatBlack.M_ClearCoatBlack","0","0","21","1","0.000000","0","0"
"/Engine/EditorMeshes/ColorCalibrator/M_ClearCoat.M_ClearCoat","0","0","21","1","0.000000","0","0"
"/Engine/EditorMeshes/ColorCalibrator/M_ChromeBall.M_ChromeBall","0","0","33","1","0.000000","0","0"
"/Game/StarterContent/Blueprints/Assets/M_LightStage_Skybox_Master.M_LightStage_Skybox_Master","0","0","4","2","0.000000","0","0"
"/Game/StarterContent/Blueprints/Assets/M_LightStage_Arrows.M_LightStage_Arrows","0","0","2","1","0.000000","0","0"
"/Engine/EditorMaterials/Thumbnails/SkySphereMaterial.SkySphereMaterial","0","0","2","1","0.000000","0","0"
"/Game/StarterContent/Materials/M_AssetPlatform.M_AssetPlatform","0","0","21","1","0.000000","0","0"
"/Game/InfinityBladeEffects/Maps/LevelContent/Architecture/M_CycRoom_01.M_CycRoom_01","0","21","21","1","19.684076","0","0"
"/Game/InfinityBladeEffects/Maps/LevelContent/Architecture/M_1Meter_01.M_1Meter_01","0","26","27","1","23.607313","0","0"
"/Game/InfinityBladeEffects/Maps/LevelContent/Architecture/M_CycWall_01.M_CycWall_01","0","21","21","1","20.090519","0","0"
"/Game/InfinityBladeEffects/Effects/Masters/M_Add_Sprite_Master.M_Add_Sprite_Master","0","32","32","1","20.166536","0","0"
"/Game/InfinityBladeEffects/Effects/FX_Materials/Mobile/M_Fire_Sprite_01_5x5_SubUV.M_Fire_Sprite_01_5x5_SubUV","0","24","24","1","14.252748","0","0"
"/Game/InfinityBladeEffects/Effects/Masters/M_Trans_Sprite_Lit_SubUV_Master.M_Trans_Sprite_Lit_SubUV_Master","0","112","112","1","96.749847","0","0"
"/Game/InfinityBladeEffects/Effects/Masters/M_Trans_Sprite_SubUV_Master_DepthFade.M_Trans_Sprite_SubUV_Master_DepthFade","0","24","24","1","15.402554","0","0"
"/Game/InfinityBladeEffects/Effects/Masters/M_Trans_Sprite_Master_DepthFade.M_Trans_Sprite_Master_DepthFade","0","24","24","1","16.022470","0","0"
"/Game/InfinityBladeEffects/Effects/Masters/M_Opaque_MeshEmit_Emis_Master.M_Opaque_MeshEmit_Emis_Master","0","4","4","1","2.262079","0","0"
"/Game/InfinityBladeEffects/Effects/Masters/M_Trans_Sprite_SubUV_Master.M_Trans_Sprite_SubUV_Master","0","32","32","1","18.668947","0","0"
"/Game/InfinityBladeEffects/Effects/FX_Materials/Fire/M_Fire_Trans_TilePan_2sided_meshEmit_02.M_Fire_Trans_TilePan_2sided_meshEmit_02","0","20","20","1","11.087649","0","0"
"/Game/InfinityBladeEffects/Effects/FX_Materials/Mobile/M_LevelRing_00.M_LevelRing_00","0","40","40","1","21.829220","0","0"
"/Game/InfinityBladeEffects/Effects/FX_Materials/ICE/M_IceShard.M_IceShard","0","16","16","1","9.453790","0","0"
"/Game/InfinityBladeEffects/Effects/FX_Materials/Mobile/M_IceBlastFog.M_IceBlastFog","0","20","20","1","11.074492","0","0"
"/Game/InfinityBladeEffects/Effects/Masters/M_Add_Trail_2Sided_Pan_Emis_Master.M_Add_Trail_2Sided_Pan_Emis_Master","0","30","30","1","14.983735","0","0"
"/Game/InfinityBladeEffects/Effects/Masters/M_Opaque_MeshEmit_Emis_Master_Surface.M_Opaque_MeshEmit_Emis_Master_Surface","0","24","24","1","17.951853","0","0"
"/Game/InfinityBladeEffects/Effects/FX_Materials/ICE/M_IceBlastBase.M_IceBlastBase","0","112","112","1","96.885330","0","0"
"/Game/InfinityBladeEffects/Effects/FX_Materials/ICE/M_IceChunksBase.M_IceChunksBase","0","32","32","1","19.236710","0","0"
"/Game/InfinityBladeEffects/Effects/Masters/M_Add_Sprite_2Sided_Master.M_Add_Sprite_2Sided_Master","0","40","40","1","22.243780","0","0"
"/Game/InfinityBladeEffects/Effects/FX_Materials/ICE/M_JaggedRockIce_MeshEmit_Blue.M_JaggedRockIce_MeshEmit_Blue","0","24","24","1","18.968618","0","0"
"/Game/InfinityBladeEffects/Effects/Masters/M_Trans_Sprite_Master_Surface.M_Trans_Sprite_Master_Surface","0","112","112","1","368.135742","0","0"
"/Engine/Functions/Engine_MaterialFunctions02/ExampleContent/3dParticleOpacity_Mat.3dParticleOpacity_Mat","0","0","48","1","0.000000","0","0"
"/Game/InfinityBladeEffects/Effects/FX_Materials/Mobile/M_IceSword.M_IceSword","0","30","30","1","17.155882","0","0"
"/Game/InfinityBladeEffects/Effects/FX_Materials/ICE/M_IceBlastIcicles_Fade.M_IceBlastIcicles_Fade","0","112","112","1","93.174774","0","0"
"/Game/InfinityBladeEffects/Effects/FX_Materials/Fire/M_JaggedRockFire_MeshEmit_Lit.M_JaggedRockFire_MeshEmit_Lit","0","48","48","1","34.779163","0","0"
"/Game/InfinityBladeEffects/Effects/Masters/M_Opaque_MeshEmit_Lit_Emis_Master.M_Opaque_MeshEmit_Lit_Emis_Master","0","57","57","1","42.667225","0","0"
"/Game/InfinityBladeEffects/Effects/Masters/M_Trans_Sprite_Master.M_Trans_Sprite_Master","0","32","32","1","19.784700","0","0"
"/Game/InfinityBladeEffects/Effects/Masters/M_Trans_Trail_2Sided_Pan_Base_Emis_Master.M_Trans_Trail_2Sided_Pan_Base_Emis_Master","0","80","80","2","41.899914","0","0"
"/Game/InfinityBladeEffects/Effects/FX_Materials/Mobile/M_IceBlastIcicles.M_IceBlastIcicles","0","16","16","1","9.415855","0","0"
"/Game/InfinityBladeEffects/Effects/FX_Materials/Glyph/M_IB_Debris_Boxes_Opaque.M_IB_Debris_Boxes_Opaque","0","4","4","1","2.150067","0","0"
"/Game/InfinityBladeEffects/Effects/FX_Materials/Glyph/M_IB_Debris_Boxes_Trans.M_IB_Debris_Boxes_Trans","0","16","16","1","9.140266","0","0"
"/Game/InfinityBladeEffects/Effects/FX_Materials/Mobile/M_AuraCircle.M_AuraCircle","0","20","20","1","10.862494","0","0"
"/Game/InfinityBladeEffects/Effects/FX_Materials/Mobile/M_Dungeon_Pipe_FlowingLava_Cool.M_Dungeon_Pipe_FlowingLava_Cool","0","6","6","1","3.072274","0","0"
"/Game/InfinityBladeEffects/Effects/FX_Materials/Mobile/M_GhostSkull.M_GhostSkull","0","40","40","1","20.391682","0","0"
"/Game/InfinityBladeEffects/Effects/FX_Materials/Misc/M_Targeting_Enemy.M_Targeting_Enemy","0","32","32","1","17.165615","0","0"
"/Game/InfinityBladeEffects/Environments/Misc/Env_ALL_Artifacts/Materials/M_Env_Health_Terminus.M_Env_Health_Terminus","0","33","33","1","26.994633","0","0"
"/Game/FPS_Weapon_Bundle/Weapons/Materials/RDS/M_RDS_Glass.M_RDS_Glass","0","42","42","1","295.777283","0","0"
"/Engine/TemplateResources/M_Template_Master.M_Template_Master","0","0","33","1","0.000000","0","0"
"/Game/EF_Lewis/Common/MasterMaterial/Master_Props_Masked_Mat.Master_Props_Masked_Mat","0","247","261","1","156.216476","0","0"
"/Game/EF_Lewis/Materials/queen_Mat.queen_Mat","0","21","21","1","17.755363","0","0"
"/Game/EF_Lewis/Materials/fishDragon_body_Mat.fishDragon_body_Mat","0","21","21","1","17.858307","0","0"
"/Game/EF_Lewis/Common/MasterMaterial/Master_BookVariety_Mat.Master_BookVariety_Mat","0","102","102","1","81.299683","0","0"
"/Game/EF_Lewis/Common/MasterMaterial/Master_Opaque_Diffuse.Master_Opaque_Diffuse","0","43","45","1","32.343235","0","0"
"/Game/EF_Lewis/Common/MasterMaterial/Master_Foliage_SS_Mat.Master_Foliage_SS_Mat","0","123","129","1","72.053925","0","0"
"/Game/EF_Lewis/Common/MasterMaterial/Master_Card_Modulate_Mat.Master_Card_Modulate_Mat","0","8","8","1","5.123623","0","0"
"/Game/EF_Lewis/Materials/Palace_Sky_Mat.Palace_Sky_Mat","0","2","2","1","1.242923","0","0"
"/Game/EF_Lewis/Materials/ship_blue_Mat.ship_blue_Mat","0","43","45","1","30.644718","0","0"
"/Game/EF_Lewis/Materials/galleon_Mat.galleon_Mat","0","33","33","1","24.793398","0","0"
"/Game/EF_Lewis/Materials/exitSign_Mat.exitSign_Mat","0","21","21","1","17.974476","0","0"
"/Game/EF_Lewis/Materials/glass_a_foggy_Mat.glass_a_foggy_Mat","0","72","72","1","62.978672","0","0"
"/Game/EF_Lewis/Materials/CanneryWaterfall_a_Mat.CanneryWaterfall_a_Mat","0","44","44","1","44.206856","0","0"
"/Game/EF_Lewis/Materials/CanneryWater_a_Mat.CanneryWater_a_Mat","0","42","42","1","149.195801","0","0"
"/Game/StarterContent/Props/Materials/M_Shelf.M_Shelf","0","0","21","1","0.000000","0","0"
"/Game/StarterContent/Props/Materials/M_Rock.M_Rock","0","0","21","1","0.000000","0","0"
"/Game/StarterContent/Props/Materials/M_MaterialSphere_Plain.M_MaterialSphere_Plain","0","0","12","1","0.000000","0","0"
"/Game/StarterContent/Props/Materials/M_MaterialSphere.M_MaterialSphere","0","0","12","1","0.000000","0","0"
"/Game/StarterContent/Props/Materials/M_Door.M_Door","0","0","21","1","0.000000","0","0"
"/Game/StarterContent/Props/Materials/M_Bush.M_Bush","0","0","48","1","0.000000","0","0"
"/Game/StarterContent/Particles/Materials/M_radial_ramp.M_radial_ramp","0","0","32","1","0.000000","0","0"
"/Game/StarterContent/Particles/Materials/m_flare_01.m_flare_01","0","0","32","1","0.000000","0","0"
"/Game/StarterContent/Particles/Materials/M_explosion_subUV.M_explosion_subUV","0","0","24","1","0.000000","0","0"
"/Game/StarterContent/Particles/Materials/M_Burst.M_Burst","0","0","30","1","0.000000","0","0"
"/Game/StarterContent/Materials/M_ColorGrid_LowSpec.M_ColorGrid_LowSpec","0","0","21","1","0.000000","0","0"
"/Game/InfinityBladeEffects/Environments/Plains/Env_Plains_Ruins/Materials/M_PLains_FloorStone.M_PLains_FloorStone","0","33","33","1","24.867340","0","0"
"/Game/InfinityBladeEffects/Environments/Ice/Env_Ice_Mountain/Materials/M_IceMountain_Boulder.M_IceMountain_Boulder","0","33","33","1","24.940598","0","0"
"/Game/InfinityBladeEffects/Environments/Fire/Env_Fire_Magma/Materials/M_Lava_flows_trans.M_Lava_flows_trans","0","33","35","1","19.948643","0","0"
"/Game/InfinityBladeEffects/Environments/Env_Rocks/Materials/M_JaggedRock_01.M_JaggedRock_01","0","24","24","1","16.887142","0","0"
"/Game/InfinityBladeEffects/Environments/Breakables/Materials/M_Breakables_Fort_Wall_Destroyed.M_Breakables_Fort_Wall_Destroyed","0","24","24","1","16.752863","0","0"
"/Game/InfinityBladeEffects/Environments/Breakables/Materials/M_Breakables_Fort_Wall_Destroyed_Trim.M_Breakables_Fort_Wall_Destroyed_Trim","0","24","24","1","16.518415","0","0"
"/Game/InfinityBladeEffects/Environments/Breakables/Materials/M_Breakables_Pots_Red.M_Breakables_Pots_Red","0","24","24","1","16.464899","0","0"
"/Game/InfinityBladeEffects/Enemy/Enemy_Chicken/Materials/M_EnemyChicken.M_EnemyChicken","0","64","68","1","34.536255","0","0"
"/Game/InfinityBladeEffects/Enemy/Enemy_Chicken/Materials/M_Survival_CA_Chicken_02.M_Survival_CA_Chicken_02","0","36","36","1","23.711437","0","0"
"/Game/InfinityBladeEffects/Effects/OLD/Effects/FX_Materials/ICE/M_IceMountain_Boulder_MeshEmit.M_IceMountain_Boulder_MeshEmit","0","8","8","1","4.119802","0","0"
"/Game/InfinityBladeEffects/Effects/OLD/Effects/FX_Materials/Gradient/M_Add_Unlit_TerminGlow.M_Add_Unlit_TerminGlow","0","20","20","1","10.003373","0","0"
"/Game/InfinityBladeEffects/Effects/Masters/M_Trans_Trail_2Sided_Pan_Tile_Master.M_Trans_Trail_2Sided_Pan_Tile_Master","0","20","20","1","10.517316","0","0"
"/Game/InfinityBladeEffects/Effects/Masters/M_Trans_StaticMesh_Lit_Master.M_Trans_StaticMesh_Lit_Master","0","40","40","1","37.724407","0","0"
"/Game/InfinityBladeEffects/Effects/Masters/M_Trans_Sprite_SubUV_Master_Surface.M_Trans_Sprite_SubUV_Master_Surface","0","84","84","1","70.826111","0","0"
"/Game/InfinityBladeEffects/Effects/Masters/M_Trans_Sprite_2Sided_Master.M_Trans_Sprite_2Sided_Master","0","40","40","1","20.913322","0","0"
"/Game/InfinityBladeEffects/Effects/Masters/M_Trans_MeshEmit_Master.M_Trans_MeshEmit_Master","0","32","32","1","18.334387","0","0"
"/Game/InfinityBladeEffects/Effects/Masters/M_Trans_MeshEmit_2Sided_Pan_Mask_Master.M_Trans_MeshEmit_2Sided_Pan_Mask_Master","0","20","20","1","10.269590","0","0"
"/Game/InfinityBladeEffects/Effects/Masters/M_Opaque_Static_Lit_Emis_PanMaster.M_Opaque_Static_Lit_Emis_PanMaster","0","21","21","1","17.904964","0","0"
"/Game/InfinityBladeEffects/Effects/Masters/M_Opaque_MeshEmit_Emis_Master_Surface2.M_Opaque_MeshEmit_Emis_Master_Surface2","0","24","24","1","16.596285","0","0"
"/Game/InfinityBladeEffects/Effects/Masters/M_Add_Sprite_SubUV_Master_DepthFade.M_Add_Sprite_SubUV_Master_DepthFade","0","32","32","1","17.596031","0","0"
"/Game/InfinityBladeEffects/Effects/Masters/M_Add_Sprite_Pan_Emis_Mask_Master.M_Add_Sprite_Pan_Emis_Mask_Master","0","48","48","2","27.143499","0","0"
"/Game/InfinityBladeEffects/Effects/Masters/M_Add_Mesh_2Sided_Pan_Emis_Master.M_Add_Mesh_2Sided_Pan_Emis_Master","0","80","80","2","40.743500","0","0"
"/Game/InfinityBladeEffects/Effects/Masters/M_Add_Mesh_2Sided_Pan_Base_Master.M_Add_Mesh_2Sided_Pan_Base_Master","0","20","20","1","10.062364","0","0"
"/Game/InfinityBladeEffects/Effects/FX_Materials/Env/M_Treasure_Gold_Add_2sided.M_Treasure_Gold_Add_2sided","0","20","20","1","9.904435","0","0"
"/Game/InfinityBladeEffects/Effects/FX_Materials/M_GoldBag.M_GoldBag","0","24","24","1","16.420654","0","0"
"/Game/EF_Lewis/Materials/collision_translucentWorldGrid.collision_translucentWorldGrid","0","40","40","1","38.698563","0","0"
"/Game/InfinityBladeEffects/Effects/FX_Materials/Gradient/M_Opaque_Hammer_Spin.M_Opaque_Hammer_Spin","0","8","8","1","4.092294","0","0"
"/Game/InfinityBladeEffects/Effects/FX_Materials/Mobile/M_AuraCircle_add.M_AuraCircle_add","0","10","10","1","6.058250","0","0"
"/Game/InfinityBladeEffects/Effects/FX_Materials/Liquid/M_Liquid_Splat_03_INST.M_Liquid_Splat_03_INST","0","24","24","1","13.921002","0","0"
"/Game/InfinityBladeEffects/Effects/FX_Materials/Gradient/M_Add_Unlit_TerminGlow.M_Add_Unlit_TerminGlow","0","20","20","1","10.496739","0","0"
"/Game/InfinityBladeEffects/Effects/FX_Materials/Mobile/M_GlowNoise_Radial_01_Trans.M_GlowNoise_Radial_01_Trans","0","24","24","1","14.880816","0","0"
"/Game/InfinityBladeEffects/Effects/FX_Materials/Mobile/M_GlowNoise_01.M_GlowNoise_01","0","24","24","1","14.470945","0","0"
"/Game/InfinityBladeEffects/Effects/FX_Materials/ICE/M_JaggedRockIce_MeshEmit.M_JaggedRockIce_MeshEmit","0","33","33","1","25.923990","0","0"
"/Game/InfinityBladeEffects/Effects/FX_Materials/Mobile/M_Fire_Add_Tile_Grey_2sided.M_Fire_Add_Tile_Grey_2sided","0","40","40","1","20.386576","0","0"
"/Game/InfinityBladeEffects/Effects/FX_Materials/Mobile/M_Flare_Add_RadialRings_02.M_Flare_Add_RadialRings_02","0","24","24","1","13.505981","0","0"
"/Game/InfinityBladeEffects/Effects/FX_Materials/Misc/M_Telecharge_char_01.M_Telecharge_char_01","0","4","4","1","2.147390","0","0"
"/Game/InfinityBladeEffects/Effects/FX_Materials/Mobile/M_Flare_Add_03_mobile.M_Flare_Add_03_mobile","0","24","24","1","13.173701","0","0"
"/Game/InfinityBladeEffects/Effects/FX_Materials/Mobile/Beakable_Master_MeshEmit.Beakable_Master_MeshEmit","0","57","57","1","38.753033","0","0"
"/Engine/EngineMaterials/EmissiveTexturedMaterial.EmissiveTexturedMaterial","0","0","4","1","0.000000","0","0"
"/Game/InfinityBladeEffects/Effects/FX_Materials/Mobile/M_Tile_Noise_Tendril_01.M_Tile_Noise_Tendril_01","0","16","16","1","8.994954","0","0"
"/Game/InfinityBladeEffects/Effects/FX_Materials/Mobile/M_Fire_Ribbon_Pan_Add.M_Fire_Ribbon_Pan_Add","0","32","32","1","17.614487","0","0"
"/Game/InfinityBladeEffects/Effects/FX_Materials/Mobile/M_Tornado.M_Tornado","0","50","50","1","23.744493","0","0"
"/Game/InfinityBladeEffects/Effects/FX_Materials/Mobile/M_FlashHalf_Add_mobile.M_FlashHalf_Add_mobile","0","24","24","1","13.502954","0","0"
"/Game/InfinityBladeEffects/Effects/FX_Materials/Trails/M_Trail_Lightning_01.M_Trail_Lightning_01","0","20","20","1","9.767050","0","0"
"/Game/InfinityBladeEffects/Effects/FX/M_FogPlane03_add.M_FogPlane03_add","0","8","8","1","4.821893","0","0"
"/Game/InfinityBladeEffects/Effects/FX_Materials/Mobile/M_Glyph_Add_Outer_mobile.M_Glyph_Add_Outer_mobile","0","24","24","1","13.330504","0","0"
"/Game/InfinityBladeEffects/Effects/FX_Materials/Mobile/M_GlowVert_Trans.M_GlowVert_Trans","0","24","24","1","13.886340","0","0"
"/Game/InfinityBladeEffects/Effects/FX_Materials/Mobile/M_IceTrap_Shard.M_IceTrap_Shard","0","36","36","1","24.020601","0","0"
"/Game/InfinityBladeEffects/Effects/FX_Materials/Mobile/M_Ice_Attack_Side_Add.M_Ice_Attack_Side_Add","0","30","30","1","16.226315","0","0"
"/Game/InfinityBladeEffects/Effects/FX_Materials/Mobile/M_Fire_Add_subUV_2.M_Fire_Add_subUV_2","0","24","24","1","13.475107","0","0"
"/Game/InfinityBladeEffects/Effects/FX_Materials/Mobile/M_FireSky_moving.M_FireSky_moving","0","2","2","1","1.258768","0","0"
"/Game/InfinityBladeEffects/Effects/FX_Materials/Mobile/M_BlastWave_MeshEmit.M_BlastWave_MeshEmit","0","32","32","1","17.385771","0","0"
"/Game/InfinityBladeEffects/Effects/FX_Materials/Mobile/M_Shield_Rim_Add.M_Shield_Rim_Add","0","24","24","1","13.569877","0","0"
"/Game/InfinityBladeEffects/Effects/FX_Materials/Mobile/M_ShieldMesh_mobile.M_ShieldMesh_mobile","0","32","32","1","17.419472","0","0"
"/Game/InfinityBladeEffects/Effects/FX_Materials/Mobile/M_SparkCore_Add_01_mobile.M_SparkCore_Add_01_mobile","0","24","24","1","13.135829","0","0"
"/Game/InfinityBladeEffects/Effects/FX/M_FogPlane03.M_FogPlane03","0","8","8","1","4.929932","0","0"
"/Game/InfinityBladeEffects/Effects/FX_Materials/Mobile/M_BladeSwipe04.M_BladeSwipe04","0","30","30","1","15.942222","0","0"
"/Game/EF_Lewis/Common/MasterMaterial/Master_Props_SwingVert_Mat.Master_Props_SwingVert_Mat","0","204","210","1","139.425537","0","0"
"/Game/EF_Lewis/Materials/SwimmingFish_a_Mat.SwimmingFish_a_Mat","0","46","48","1","30.926786","0","0"
"/Game/InfinityBladeEffects/Effects/FX/M_FogPlane02.M_FogPlane02","0","16","16","1","8.868059","0","0"
"/Game/EF_Lewis/Common/MasterMaterial/Master_Collision_Mat.Master_Collision_Mat","0","8","8","1","5.043561","0","0"
"/Game/InfinityBladeEffects/Effects/FX_Materials/Mobile/M_Ice_Mesh03.M_Ice_Mesh03","0","12","12","1","9.703066","0","0"
"/Game/InfinityBladeEffects/Effects/FX_Materials/ICE/M_IceMountain_Boulder_MeshEmit.M_IceMountain_Boulder_MeshEmit","0","8","8","1","4.208459","0","0"
"/Game/InfinityBladeEffects/Effects/FX_Materials/Mobile/M_ChargeMesh_mobile1.M_ChargeMesh_mobile1","0","40","40","1","19.876341","0","0"
"/Engine/VREditor/UI/ArrowMaterial.ArrowMaterial","0","0","28","1","0.000000","0","0"
"/Game/InfinityBladeEffects/Effects/FX_Materials/Misc/M_DeathPlane_01.M_DeathPlane_01","0","32","32","1","17.674870","0","0"
"/Game/InfinityBladeEffects/Effects/FX_Materials/Mobile/M_IceSkills_Base.M_IceSkills_Base","0","24","24","1","13.820000","0","0"
"/Game/InfinityBladeEffects/Effects/FX_Materials/Mobile/M_SmokeSingle_Add.M_SmokeSingle_Add","0","24","24","1","13.949443","0","0"
"/Game/InfinityBladeEffects/Effects/FX_Materials/Mobile/M_Sword_Opaque_Master.M_Sword_Opaque_Master","0","8","8","1","4.106035","0","0"
"/Game/InfinityBladeEffects/Effects/FX_Materials/Mobile/M_Impact_SubUV.M_Impact_SubUV","0","24","24","1","14.379520","0","0"
"/Game/InfinityBladeEffects/Effects/FX_Materials/Trails/M_IB_SwipeTrail.M_IB_SwipeTrail","0","30","30","1","14.272632","0","0"
"/Game/InfinityBladeEffects/Effects/FX_Materials/Glyph/M_IB_AnimGrid_Trans_MeshEmit.M_IB_AnimGrid_Trans_MeshEmit","0","112","112","1","87.817528","0","0"
"/Game/InfinityBladeEffects/Effects/FX_Materials/Glyph/M_IB_Flares.M_IB_Flares","0","24","24","1","14.073139","0","0"
"/Game/InfinityBladeEffects/Effects/FX_Materials/Mobile/M_BlueSky.M_BlueSky","0","2","2","1","1.320278","0","0"
"/Game/InfinityBladeEffects/Effects/FX_Materials/Glyph/M_IB_AnimGrid_2_Trans.M_IB_AnimGrid_2_Trans","0","84","84","1","69.725563","0","0"
"/Game/InfinityBladeEffects/Effects/FX_Materials/Enemy/M_Ausar_ShieldBlast_01.M_Ausar_ShieldBlast_01","0","40","40","1","20.514505","0","0"
"/Game/InfinityBladeEffects/Effects/FX_Materials/Mobile/M_RoboChains_MeshEmit.M_RoboChains_MeshEmit","0","30","30","1","16.224918","0","0"
"/Game/InfinityBladeEffects/Effects/FX_Materials/Mobile/M_cracks_01_mobile.M_cracks_01_mobile","0","24","24","1","13.754210","0","0"
"/Game/InfinityBladeEffects/Effects/FX_Materials/Smoke/M_FogSheet_Add_Ice_T3.M_FogSheet_Add_Ice_T3","0","8","8","1","4.965740","0","0"
"/Game/InfinityBladeEffects/Effects/FX_Mobile/ICE/M_Tornado_Ice_Trans.M_Tornado_Ice_Trans","0","50","50","1","25.299282","0","0"
"/Game/InfinityBladeEffects/Effects/FX_Materials/Mobile/M_Smoke_Trans_subUV_mobile.M_Smoke_Trans_subUV_mobile","0","24","24","1","13.799829","0","0"
"/Game/InfinityBladeEffects/Effects/FX_Materials/Mobile/M_Ice_Attack_Top.M_Ice_Attack_Top","0","30","30","1","16.323614","0","0"
"/Game/InfinityBladeEffects/Effects/FX_Materials/Mobile/M_Flare_Add_03_2sided.M_Flare_Add_03_2sided","0","30","30","1","15.704912","0","0"
"/Game/InfinityBladeEffects/Effects/FX_Materials/Mobile/M_JaggedRockFire_MeshEmit_Master.M_JaggedRockFire_MeshEmit_Master","0","33","33","1","23.495142","0","0"
"/Game/InfinityBladeEffects/Effects/FX_Materials/Mobile/M_Ice_Shard_Tiled_D.M_Ice_Shard_Tiled_D","0","24","24","1","16.520973","0","0"
"/Game/InfinityBladeEffects/Effects/FX_Materials/Mobile/M_Ice_Unlit.M_Ice_Unlit","0","8","8","1","4.142500","0","0"
"/Game/InfinityBladeEffects/Effects/FX_Materials/Mobile/M_Ice_Shard_Tiled_Mesh_Unlit_01.M_Ice_Shard_Tiled_Mesh_Unlit_01","0","32","32","1","17.089916","0","0"
"/Game/InfinityBladeEffects/Effects/FX_Materials/Mobile/M_Blood_Trans_02.M_Blood_Trans_02","0","24","24","1","13.476321","0","0"
"/Game/InfinityBladeEffects/Effects/FX_Materials/Mobile/M_Fire_Trans_Tile_2sided_MeshEmit.M_Fire_Trans_Tile_2sided_MeshEmit","0","40","40","1","20.142744","0","0"
"/Game/InfinityBladeEffects/Effects/FX_Materials/Mobile/M_SlashDir_Add_01_mobile.M_SlashDir_Add_01_mobile","0","30","30","1","15.945920","0","0"
"/Game/InfinityBladeEffects/Effects/FX_Materials/Mobile/M_CrackedGround_Fire_Unlit.M_CrackedGround_Fire_Unlit","0","6","6","1","3.154617","0","0"
"/Game/InfinityBladeEffects/Effects/FX_Materials/Mobile/M_LavaFlows_Fast_Trans.M_LavaFlows_Fast_Trans","0","8","8","1","5.253997","0","0"
"/Game/InfinityBladeEffects/Effects/FX_Materials/Mobile/M_GlowVert_Add.M_GlowVert_Add","0","24","24","1","14.169756","0","0"
"/Game/InfinityBladeEffects/Effects/FX_Materials/Mobile/M_GlowNoise_Radial_01.M_GlowNoise_Radial_01","0","24","24","1","14.660811","0","0"
"/Game/InfinityBladeEffects/Effects/FX_Materials/Mobile/M_Lightning_Radial_add_subuv_4x4.M_Lightning_Radial_add_subuv_4x4","0","24","24","1","14.581530","0","0"
"/Game/InfinityBladeEffects/Effects/FX_Materials/Mobile/M_Flare_Add_RadialRings_03.M_Flare_Add_RadialRings_03","0","24","24","1","14.642370","0","0"
"/Game/InfinityBladeEffects/Effects/FX_Materials/Mobile/M_ReflectArrow_Grad.M_ReflectArrow_Grad","0","32","32","1","18.504539","0","0"
"/Game/InfinityBladeEffects/Effects/FX_Materials/Mobile/M_Opaque_Axes_Spin.M_Opaque_Axes_Spin","0","4","4","1","2.333475","0","0"
"/Game/InfinityBladeEffects/Effects/FX_Materials/Mobile/M_Add_Unlit_EndGate.M_Add_Unlit_EndGate","0","24","24","1","16.129572","0","0"
"/Game/InfinityBladeEffects/Effects/FX_Materials/Mobile/M_Tornado_Fire_Trans.M_Tornado_Fire_Trans","0","40","40","1","24.467539","0","0"
"/Game/InfinityBladeEffects/Effects/FX_Materials/Mobile/M_GlowNoise_01_2sided_MeshEmit.M_GlowNoise_01_2sided_MeshEmit","0","20","20","1","11.674733","0","0"
"/Game/InfinityBladeEffects/Effects/FX_Materials/Mobile/M_Fire_Trans_Tile_2sided.M_Fire_Trans_Tile_2sided","0","40","40","1","22.507500","0","0"
"/Game/InfinityBladeEffects/Effects/FX_Materials/Mobile/M_HealBeam_Trans.M_HealBeam_Trans","0","16","16","1","9.335908","0","0"
"/Game/InfinityBladeEffects/Effects/FX_Materials/Mobile/M_Skill_Vortex_Fire_01.M_Skill_Vortex_Fire_01","0","8","8","1","5.123720","0","0"
"/Game/InfinityBladeEffects/Effects/FX_Materials/Mobile/M_ForgeCoals_Fire.M_ForgeCoals_Fire","0","8","8","1","4.973154","0","0"
"/Game/InfinityBladeEffects/Effects/FX_Materials/Mobile/M_CrackedGroundFire_Trans.M_CrackedGroundFire_Trans","0","24","24","1","13.952643","0","0"
"/Game/InfinityBladeEffects/Effects/FX_Materials/Mobile/M_JaggedRock_MeshEmit_Lit.M_JaggedRock_MeshEmit_Lit","0","33","33","1","25.883009","0","0"
"/Game/InfinityBladeEffects/Effects/FX_Materials/Mobile/M_CrackedGround_Fire_Lit.M_CrackedGround_Fire_Lit","0","57","57","1","43.992039","0","0"
"/Game/InfinityBladeEffects/Effects/FX_Materials/ICE/M_IceSkills_Base_Lit.M_IceSkills_Base_Lit","0","32","32","1","19.462358","0","0"
"/Game/InfinityBladeEffects/Effects/FX_Materials/Mobile/M_Fire_Trans_DetailMask_2sided.M_Fire_Trans_DetailMask_2sided","0","40","40","1","21.418610","0","0"
"/Game/InfinityBladeEffects/Effects/FX_Materials/Mobile/M_Tornado_Fire_Trans_03.M_Tornado_Fire_Trans_03","0","50","50","1","26.279564","0","0"
"/Game/EF_Lewis/Common/MasterMaterial/Master_Unlit_Mat.Master_Unlit_Mat","0","8","8","1","4.161782","0","0"
"/Game/InfinityBladeEffects/Effects/FX_Materials/Enemy/M_Enemy_GreaterSpiderBoss_FX_Master.M_Enemy_GreaterSpiderBoss_FX_Master","0","36","36","1","24.937086","0","0"
"/Game/EF_Lewis/Materials/Palace_Wall_Mat.Palace_Wall_Mat","0","26","27","1","21.773811","0","0"
"/Game/InfinityBladeEffects/Effects/FX_Materials/Mobile/M_Blood_Trans_01.M_Blood_Trans_01","0","24","24","1","15.876799","0","0"
"/Game/InfinityBladeEffects/Effects/FX_Materials/Mobile/M_Fire_Trans_Tile_Pan_mobile.M_Fire_Trans_Tile_Pan_mobile","0","40","40","1","21.788591","0","0"
"/Game/InfinityBladeEffects/Effects/FX_Materials/Mobile/M_LeachBeam_Trans.M_LeachBeam_Trans","0","16","16","1","9.302104","0","0"
"/Game/InfinityBladeEffects/Effects/FX_Materials/Liquid/M_Water_fountain_01.M_Water_fountain_01","0","42","42","1","152.552170","0","0"
"/Game/InfinityBladeEffects/Effects/FX_Materials/Mobile/M_Flare_Add_RadialRings_01.M_Flare_Add_RadialRings_01","0","24","24","1","14.036554","0","0"
"/Game/InfinityBladeEffects/Effects/FX_Materials/Mobile/M_Sky_Flashing_Panning_Master.M_Sky_Flashing_Panning_Master","0","2","2","1","1.649230","0","0"
"/Game/InfinityBladeEffects/Effects/FX_Materials/Mobile/M_ForgeFail_X.M_ForgeFail_X","0","24","24","1","15.001687","0","0"
"/Game/InfinityBladeEffects/Effects/FX_Materials/Mobile/M_Portal_Trans.M_Portal_Trans","0","24","24","1","15.222576","0","0"
"/Game/InfinityBladeEffects/Effects/FX_Materials/Mobile/M_LightSconces_Glow.M_LightSconces_Glow","0","26","27","1","24.133371","0","0"
"/Game/InfinityBladeEffects/Effects/FX_Materials/Mobile/M_Fire_Trans_Tile_2sided_Master.M_Fire_Trans_Tile_2sided_Master","0","40","40","1","21.869902","0","0"
"/Game/InfinityBladeEffects/Effects/FX_Materials/Mobile/M_Glyph_Add_Inner_mobile.M_Glyph_Add_Inner_mobile","0","24","24","1","14.316748","0","0"
"/Game/InfinityBladeEffects/Effects/FX/M_Embers.M_Embers","0","10","10","1","6.855769","0","0"
"/Game/InfinityBladeEffects/Effects/FX_Materials/Mobile/M_BlastWave_2sided.M_BlastWave_2sided","0","40","40","1","21.360594","0","0"
"/Game/InfinityBladeEffects/Effects/FX_Materials/Mobile/M_Tornado_Fire_Trans_02.M_Tornado_Fire_Trans_02","0","30","30","1","15.256948","0","0"
"/Game/InfinityBladeEffects/Effects/FX_Materials/Mobile/M_Add_Trail_MeshEmit_2Sided_Master.M_Add_Trail_MeshEmit_2Sided_Master","0","40","40","1","19.792450","0","0"
"/Game/InfinityBladeEffects/Effects/FX_Materials/Smoke/M_FogSheet_Add.M_FogSheet_Add","0","16","16","1","8.791570","0","0"
"/Game/InfinityBladeEffects/Effects/FX_Materials/Mobile/M_Fire_Add_Tile_2Sided.M_Fire_Add_Tile_2Sided","0","40","40","1","19.836994","0","0"
"/Game/InfinityBladeEffects/Effects/FX_Materials/Mobile/M_CrackedGroundPoison_Trans.M_CrackedGroundPoison_Trans","0","24","24","1","13.225464","0","0"
"/Game/InfinityBladeEffects/Effects/FX_Materials/Mobile/M_Lightning_Bolt_01.M_Lightning_Bolt_01","0","24","24","1","13.294980","0","0"
"/Game/InfinityBladeEffects/Effects/FX_Materials/Mobile/M_GlowNoise_01_2sided.M_GlowNoise_01_2sided","0","30","30","1","15.429246","0","0"
"/Game/InfinityBladeEffects/Effects/FX_Materials/Mobile/M_SwipeTrail_EdgeFade.M_SwipeTrail_EdgeFade","0","28","28","1","25.302118","0","0"
"/Game/InfinityBladeEffects/Effects/FX_Materials/Mobile/M_HeartHeal_Trans.M_HeartHeal_Trans","0","24","24","1","15.488931","0","0"
"/Game/InfinityBladeEffects/Effects/FX_Materials/Mobile/M_CrackedGround_Trans.M_CrackedGround_Trans","0","24","24","1","14.891241","0","0"
"/Game/InfinityBladeEffects/Effects/FX_Materials/Mobile/M_BlastDir_Add_01_mobile.M_BlastDir_Add_01_mobile","0","24","24","1","15.793119","0","0"
"/Game/InfinityBladeEffects/Effects/FX_Materials/Mobile/M_Fog_Orng_mobile.M_Fog_Orng_mobile","0","24","24","1","15.335857","0","0"
"/Game/InfinityBladeEffects/Effects/FX_Materials/Mobile/M_CrackedGroundIce_Trans.M_CrackedGroundIce_Trans","0","24","24","1","15.621843","0","0"
"/Game/InfinityBladeEffects/Effects/FX_Materials/Mobile/M_BlastWave_mobile.M_BlastWave_mobile","0","24","24","1","15.491651","0","0"
"/Game/InfinityBladeEffects/Effects/FX_Materials/Mobile/M_LavaFlows_Trans.M_LavaFlows_Trans","0","8","8","1","6.052038","0","0"
"/Game/InfinityBladeEffects/Effects/FX_Materials/Mobile/M_SwipeTrail_Add_2Sided_Emissive_MESH.M_SwipeTrail_Add_2Sided_Emissive_MESH","0","10","10","1","6.364172","0","0"
"/Game/InfinityBladeEffects/Effects/FX_Materials/Mobile/M_BlobShadow_01.M_BlobShadow_01","0","8","8","1","5.973383","0","0"
"/Game/InfinityBladeEffects/Effects/FX_Materials/Mobile/M_Smoke_Add_2_mobile.M_Smoke_Add_2_mobile","0","24","24","1","14.665407","0","0"
"/Game/InfinityBladeEffects/Effects/FX_Materials/Mobile/M_Smoke_Addit_subUV_mobile.M_Smoke_Addit_subUV_mobile","0","24","24","1","15.706913","0","0"
"/Game/InfinityBladeEffects/Effects/FX_Materials/Mobile/M_Sky_Flashing_Panning.M_Sky_Flashing_Panning","0","2","2","1","1.220099","0","0"
"/Game/InfinityBladeEffects/Effects/FX_Materials/Mobile/M_Projectile_2Side_01.M_Projectile_2Side_01","0","30","30","1","17.424732","0","0"
"/Game/InfinityBladeEffects/Effects/FX_Materials/Glyph/M_IB_Flares_Grid.M_IB_Flares_Grid","0","24","24","1","14.417489","0","0"
"/Game/InfinityBladeEffects/Effects/FX_Materials/Mobile/M_Lightning_Arc_Add_subUV.M_Lightning_Arc_Add_subUV","0","24","24","1","15.269272","0","0"
"/Game/InfinityBladeEffects/Effects/FX_Materials/Mobile/M_FireSword_Add_mobile.M_FireSword_Add_mobile","0","40","40","1","22.958775","0","0"
"/Game/InfinityBladeEffects/Effects/FX_Materials/Mobile/M_SpikeTrap_Fire.M_SpikeTrap_Fire","0","14","16","1","8.010921","0","0"
"/Game/InfinityBladeEffects/Effects/FX_Materials/Mobile/M_Plate_Floor_2_Ice.M_Plate_Floor_2_Ice","0","21","21","1","19.175812","0","0"
"/Game/InfinityBladeEffects/Effects/FX_Materials/Mobile/M_CrackedGroundFire.M_CrackedGroundFire","0","16","16","1","9.902167","0","0"
"/Game/InfinityBladeEffects/Effects/FX_Materials/Mobile/M_Smoke_Trans_subUV_3_4_mobile.M_Smoke_Trans_subUV_3_4_mobile","0","24","24","1","15.058681","0","0"
"/Game/InfinityBladeEffects/Effects/FX_Materials/Mobile/M_LightCone.M_LightCone","0","24","24","1","14.269890","0","0"
"/Game/InfinityBladeEffects/Effects/FX_Materials/Mobile/M_HeartHeal_02_Trans.M_HeartHeal_02_Trans","0","24","24","1","16.137596","0","0"
"/Game/InfinityBladeEffects/Effects/FX_Materials/Mobile/M_Smoke2_Trans_subUV_mobile.M_Smoke2_Trans_subUV_mobile","0","24","24","1","16.507576","0","0"
"/Game/InfinityBladeEffects/Effects/FX_Materials/Mobile/M_Flare_Add_04_mobile.M_Flare_Add_04_mobile","0","24","24","1","16.277977","0","0"
"/Game/InfinityBladeEffects/Effects/FX_Materials/Mobile/M_CombatArea_Solid.M_CombatArea_Solid","0","24","24","1","15.876965","0","0"
"/Game/InfinityBladeEffects/Effects/FX_Materials/Mobile/M_CandleGlow.M_CandleGlow","0","45","45","1","35.335667","0","0"
"/Game/InfinityBladeEffects/Effects/FX_Materials/Mobile/M_CandleFlame.M_CandleFlame","0","24","24","1","16.131876","0","0"
"/Game/InfinityBladeEffects/Effects/FX_Materials/Mobile/M_FogSheet_Trans.M_FogSheet_Trans","0","8","8","1","5.336946","0","0"
"/Game/InfinityBladeEffects/Effects/FX_Materials/Mobile/M_Projectile_01.M_Projectile_01","0","24","24","1","15.834888","0","0"
"/Game/InfinityBladeEffects/Effects/FX_Materials/Smoke/M_FogSheet_Fire_03.M_FogSheet_Fire_03","0","8","8","1","5.194840","0","0"
"/Game/InfinityBladeEffects/Effects/FX_Materials/Mobile/M_LeafFlip_Masked.M_LeafFlip_Masked","0","21","23","1","10.474556","0","0"
"/Game/InfinityBladeEffects/Effects/FX_Materials/Mobile/M_JaggedRock_Trans_MeshEmit_Lit.M_JaggedRock_Trans_MeshEmit_Lit","0","24","24","1","14.771884","0","0"
"/Game/InfinityBladeEffects/Effects/FX_Materials/Mobile/M_CombatArea_Edge.M_CombatArea_Edge","0","24","24","1","14.079869","0","0"
"/Game/InfinityBladeEffects/Effects/FX_Materials/Mobile/M_ForgeLogo.M_ForgeLogo","0","30","30","1","16.430910","0","0"
"/Game/EF_Lewis/Common/MasterMaterial/Master_Translucent_Unlit.Master_Translucent_Unlit","0","40","40","1","21.504642","0","0"
"/Game/InfinityBladeEffects/Effects/FX_Materials/Mobile/M_YinYang_Circle.M_YinYang_Circle","0","30","30","1","17.296669","0","0"
"/Game/InfinityBladeEffects/Effects/FX_Materials/Mobile/M_Fire_Trans_TilePan_2sided_meshEmit.M_Fire_Trans_TilePan_2sided_meshEmit","0","30","30","1","16.821123","0","0"
"/Game/InfinityBladeEffects/Effects/FX_Materials/Mobile/M_CombatArea_Base.M_CombatArea_Base","0","24","24","1","14.233405","0","0"
"/Game/InfinityBladeEffects/Effects/FX_Materials/Mobile/M_TraceTrail_Fire.M_TraceTrail_Fire","0","20","20","1","10.150657","0","0"
"/Game/InfinityBladeEffects/Effects/FX_Materials/Fire/M_FlickerGlow_Forge.M_FlickerGlow_Forge","0","16","16","1","8.411765","0","0"
"/Game/InfinityBladeEffects/Effects/FX_Materials/Mobile/M_Tornado_Ice_Trans_UT.M_Tornado_Ice_Trans_UT","0","30","30","1","15.211610","0","0"
"/Game/InfinityBladeEffects/Effects/FX_Materials/Mobile/M_Tornado_Fire_Trans_Master.M_Tornado_Fire_Trans_Master","0","40","40","1","22.759998","0","0"
"/Game/InfinityBladeEffects/Effects/FX_Materials/Mobile/M_Tornado_Fire_Add.M_Tornado_Fire_Add","0","40","40","1","23.321703","0","0"
"/Game/InfinityBladeEffects/Effects/FX_Materials/Mobile/M_Spider_Anim.M_Spider_Anim","0","28","28","1","26.759218","0","0"
"/Game/InfinityBladeEffects/Effects/FX_Materials/Mobile/M_FireBeam_Trans.M_FireBeam_Trans","0","16","16","1","9.855417","0","0"
"/Game/InfinityBladeEffects/Effects/FX_Materials/Mobile/M_Fire_Trans_TilePan_2sided_Blue.M_Fire_Trans_TilePan_2sided_Blue","0","30","30","1","17.672634","0","0"
"/Game/InfinityBladeEffects/Effects/FX_Materials/Mobile/M_Fire_Trans_TilePan_2sided_meshEmit_01.M_Fire_Trans_TilePan_2sided_meshEmit_01","0","40","40","1","22.338284","0","0"
"/Game/InfinityBladeEffects/Effects/FX_Materials/Mobile/M_SnowSubUV_2_3.M_SnowSubUV_2_3","0","24","24","1","14.752747","0","0"
"/Game/InfinityBladeEffects/Effects/FX_Materials/Mobile/M_CandleGlow_2sided.M_CandleGlow_2sided","0","60","63","1","41.626328","0","0"
"/Game/InfinityBladeEffects/Effects/FX_Materials/Mobile/M_BlueSky_Moving.M_BlueSky_Moving","0","2","2","1","1.522847","0","0"
"/Game/InfinityBladeEffects/Effects/FX_Materials/Mobile/M_Lava_Flowing.M_Lava_Flowing","0","21","21","1","17.240908","0","0"
"/Game/InfinityBladeEffects/Effects/FX_Materials/Mobile/M_Smoke_Trans_mobile.M_Smoke_Trans_mobile","0","24","24","1","14.059078","0","0"
"/Game/InfinityBladeEffects/Effects/FX_Materials/Mobile/M_Spark_Add_01_mobile.M_Spark_Add_01_mobile","0","24","24","1","13.608038","0","0"
"/Game/InfinityBladeEffects/Effects/FX_Materials/Mobile/M_Glowing_Eyes.M_Glowing_Eyes","0","10","10","1","5.903887","0","0"
"/Game/InfinityBladeEffects/Effects/FX_Materials/Mobile/M_Snow.M_Snow","0","10","10","1","6.077674","0","0"
"/Game/InfinityBladeEffects/Effects/FX_Materials/Glyph/M_IB_AnimGrid_Trans_MeshMat.M_IB_AnimGrid_Trans_MeshMat","0","84","84","1","74.299759","0","0"
"/Game/InfinityBladeEffects/Effects/FX_Materials/Mobile/M_Smoke_Add_subUV_mult.M_Smoke_Add_subUV_mult","0","24","24","1","16.467241","0","0"
"/Game/InfinityBladeEffects/Effects/FX_Materials/Mobile/M_Flare_Add_04_Inst.M_Flare_Add_04_Inst","0","24","24","1","15.939425","0","0"
"/Game/InfinityBladeEffects/Effects/FX/M_BloomPlane.M_BloomPlane","0","8","8","1","5.608217","0","0"
"/Game/EF_Lewis/Common/MasterMaterial/Master_BaseColorTexture_Mat.Master_BaseColorTexture_Mat","0","4","4","1","2.449875","0","0"
"/Game/InfinityBladeEffects/Effects/FX_Materials/Mobile/M_Portal_Add.M_Portal_Add","0","24","24","1","15.762146","0","0"
"/Game/InfinityBladeEffects/Effects/FX_Materials/Mobile/M_Smoke_Trans_subUV_4_8_mobile.M_Smoke_Trans_subUV_4_8_mobile","0","24","24","1","16.051458","0","0"
"/Game/InfinityBladeEffects/Effects/FX_Materials/Mobile/M_SmokeWispy_Pan.M_SmokeWispy_Pan","0","24","24","1","15.839318","0","0"
"/Game/InfinityBladeEffects/Effects/FX_Materials/Mobile/M_Blood_Mod_02_mobile.M_Blood_Mod_02_mobile","0","24","24","1","15.600060","0","0"
"/Game/InfinityBladeEffects/Effects/FX_Materials/Mobile/M_LavaFlows_Trans_2sided.M_LavaFlows_Trans_2sided","0","20","20","1","12.124541","0","0"
"/Game/InfinityBladeEffects/Effects/FX_Materials/Mobile/M_Blood_Trans_03.M_Blood_Trans_03","0","24","24","1","14.189922","0","0"
"/Game/InfinityBladeEffects/Effects/FX_Materials/Mobile/M_SmokeSingle_Trans_mobile.M_SmokeSingle_Trans_mobile","0","24","24","1","14.583648","0","0"
"/Game/InfinityBladeEffects/Effects/FX_Materials/Mobile/M_Fire_Add_2side_subUV.M_Fire_Add_2side_subUV","0","30","30","1","17.102261","0","0"
"/Game/InfinityBladeEffects/Effects/FX_Materials/Mobile/M_JaggedRockFireBase_MeshEmit.M_JaggedRockFireBase_MeshEmit","0","8","8","1","5.437064","0","0"
"/Game/InfinityBladeEffects/Effects/FX_Materials/Mobile/M_Fire_Add_subUV.M_Fire_Add_subUV","0","24","24","1","14.083506","0","0"
"/Game/InfinityBladeEffects/Effects/FX_Materials/Mobile/M_Fire_Add_RingsubUV.M_Fire_Add_RingsubUV","0","24","24","1","13.596535","0","0"
"/Game/InfinityBladeEffects/Effects/FX_Materials/Mobile/M_Blood_Trans_Emissive_02.M_Blood_Trans_Emissive_02","0","24","24","1","16.232485","0","0"
"/Game/InfinityBladeEffects/Effects/FX_Materials/Mobile/M_Spark_2_2_01.M_Spark_2_2_01","0","24","24","1","14.932253","0","0"
"/Game/InfinityBladeEffects/Effects/FX_Materials/Mobile/M_Smoke3_Trans_subUV_mobile.M_Smoke3_Trans_subUV_mobile","0","24","24","1","15.646343","0","0"
"/Game/InfinityBladeEffects/Effects/FX_Materials/Mobile/M_Fire_Add_Tile_Grey_2Sided_meshEmit.M_Fire_Add_Tile_Grey_2Sided_meshEmit","0","40","40","1","21.321398","0","0"
"/Game/InfinityBladeEffects/Effects/FX_Materials/Mobile/M_Ice_Attack_Side.M_Ice_Attack_Side","0","30","30","1","19.149158","0","0"
"/Game/InfinityBladeEffects/Effects/FX_Materials/Mobile/M_IceHammerGlow.M_IceHammerGlow","0","24","24","1","16.040274","0","0"
"/Game/InfinityBladeEffects/Effects/FX_Materials/Mobile/M_FireBlast_Add_FireBall.M_FireBlast_Add_FireBall","0","32","32","1","21.893227","0","0"
"/Game/InfinityBladeEffects/Effects/FX_Materials/Mobile/M_FireBlast_Add.M_FireBlast_Add","0","24","24","1","17.329041","0","0"
"/Game/InfinityBladeEffects/Effects/FX_Materials/Mobile/M_ExploD_Trans_subUV_mobile.M_ExploD_Trans_subUV_mobile","0","24","24","1","16.688499","0","0"
"/Game/InfinityBladeEffects/Effects/FX_Materials/Mobile/M_IB_Blood_Trans_subUV_mobile.M_IB_Blood_Trans_subUV_mobile","0","24","24","1","17.003529","0","0"
"/Game/EF_Lewis/Materials/Glass_Mat.Glass_Mat","0","44","44","1","48.312542","0","0"
"/Game/EF_Lewis/Materials/SeafaringWater_a_Mat.SeafaringWater_a_Mat","0","21","21","1","21.517399","0","0"
"/Game/InfinityBladeEffects/Effects/FX_Materials/Mobile/M_Heal_Add_2Sided.M_Heal_Add_2Sided","0","10","10","1","7.995498","0","0"
"/Game/InfinityBladeEffects/Effects/FX_Materials/Mobile/M_SnowSubUV_2_3_MeshEmit.M_SnowSubUV_2_3_MeshEmit","0","24","24","1","17.853933","0","0"
"/Game/InfinityBladeEffects/Effects/FX_Materials/Mobile/M_Blood_Mod_03_mobile.M_Blood_Mod_03_mobile","0","24","24","1","17.850260","0","0"
"/Game/InfinityBladeEffects/Effects/FX_Materials/Mobile/M_Flare_Add_02_mobile.M_Flare_Add_02_mobile","0","24","24","1","16.543007","0","0"
"/Game/EF_Lewis/Materials/conveyer_belt_a_Mat.conveyer_belt_a_Mat","0","43","45","1","38.062920","0","0"
"/Game/InfinityBladeEffects/Effects/FX_Materials/Mobile/M_Blood_Mod_01_mobile.M_Blood_Mod_01_mobile","0","24","24","1","17.922993","0","0"
"/Game/InfinityBladeEffects/Effects/FX_Materials/Mobile/M_SmokeWispy_Gradient_Pan.M_SmokeWispy_Gradient_Pan","0","24","24","1","17.763456","0","0"
"/Game/InfinityBladeEffects/Effects/FX_Materials/Mobile/M_Fog_Blue_mobile.M_Fog_Blue_mobile","0","32","32","1","20.834236","0","0"
"/Game/InfinityBladeEffects/Effects/FX_Materials/Mobile/M_SmokeTile_Trail_01.M_SmokeTile_Trail_01","0","16","16","1","11.127417","0","0"
"/Game/InfinityBladeEffects/Effects/FX_Materials/Mobile/M_Bats_Trans_mobile.M_Bats_Trans_mobile","0","24","24","1","17.391283","0","0"
"/Game/InfinityBladeEffects/Effects/FX_Materials/Mobile/M_Smoke3_Add_subUV_mobile.M_Smoke3_Add_subUV_mobile","0","24","24","1","16.367792","0","0"
"/Game/InfinityBladeEffects/Effects/FX_Materials/Mobile/M_HealSpiral_Add.M_HealSpiral_Add","0","10","10","1","7.076152","0","0"
"/Game/InfinityBladeEffects/Effects/FX_Materials/Mobile/M_BlastWave_MeshEmit_Trans.M_BlastWave_MeshEmit_Trans","0","24","24","1","17.125906","0","0"
"/Game/InfinityBladeEffects/Effects/FX_Materials/Mobile/M_GroundCrack_SubUV.M_GroundCrack_SubUV","0","24","24","1","17.336637","0","0"
"/Game/InfinityBladeEffects/Effects/FX_Materials/Mobile/M_Fog_Green_mobile.M_Fog_Green_mobile","0","24","24","1","16.759859","0","0"
"/Game/InfinityBladeEffects/Effects/FX_Materials/Mobile/M_FlowingLava_HOT_red_Cool.M_FlowingLava_HOT_red_Cool","0","2","2","1","1.378561","0","0"
"/Game/InfinityBladeEffects/Effects/FX_Materials/Mobile/M_BlastWave_MeshEmit_2Sided.M_BlastWave_MeshEmit_2Sided","0","30","30","1","20.040709","0","0"
"/Game/InfinityBladeEffects/Effects/FX_Materials/Mobile/M_Flare_Add_01_2sided.M_Flare_Add_01_2sided","0","30","30","1","18.846224","0","0"
"/Game/InfinityBladeEffects/Effects/FX_Materials/Mobile/M_Flare_Add_01_mobile.M_Flare_Add_01_mobile","0","24","24","1","15.531710","0","0"
"/Game/InfinityBladeEffects/Effects/FX_Materials/Liquid/M_Water_Bucket_Cin04.M_Water_Bucket_Cin04","0","8","8","1","5.443926","0","0"
"/Game/InfinityBladeEffects/Effects/FX_Materials/Gradient/M_Impact_IB_SubUV.M_Impact_IB_SubUV","0","24","24","1","16.776278","0","0"
"/Game/InfinityBladeEffects/Effects/FX_Materials/Glyph/M_IB_Flash_Add.M_IB_Flash_Add","0","24","24","1","16.524687","0","0"
"/Game/InfinityBladeEffects/Effects/FX_Materials/Mobile/M_Fire_Trans_TilePan_2sided.M_Fire_Trans_TilePan_2sided","0","40","40","1","24.489330","0","0"
"/Game/InfinityBladeEffects/Effects/FX_Materials/Mobile/M_Fire_Trans_subUV.M_Fire_Trans_subUV","0","24","24","1","16.668673","0","0"
"/Game/InfinityBladeEffects/Effects/FX_Materials/Mobile/M_Fire_Add_DetailMask_meshEmit.M_Fire_Add_DetailMask_meshEmit","0","40","40","1","24.817814","0","0"
"/Game/InfinityBladeEffects/Effects/FX_Materials/Mobile/M_FireWall_Add.M_FireWall_Add","0","40","40","1","23.891338","0","0"
"/Game/InfinityBladeEffects/Effects/FX_Materials/Glyph/M_IB_AnimGrid_Trans.M_IB_AnimGrid_Trans","0","84","84","1","85.240379","0","0"
"/Game/InfinityBladeEffects/Effects/FX_Materials/Mobile/M_FireSky.M_FireSky","0","2","2","1","1.525340","0","0"
"/Game/InfinityBladeEffects/Effects/FX_Materials/Mobile/M_FireBlast_Add_VertexAnim_2sided.M_FireBlast_Add_VertexAnim_2sided","0","30","30","1","19.463287","0","0"
"/Game/InfinityBladeEffects/Effects/FX_Materials/Glyph/M_IB_AnimGrid_Masked_Trans.M_IB_AnimGrid_Masked_Trans","0","84","84","1","86.401840","0","0"
"/Game/InfinityBladeEffects/Effects/FX_Materials/Mobile/M_FireBlast_Add_FireBall_MeshEmit.M_FireBlast_Add_FireBall_MeshEmit","0","32","32","1","19.964882","0","0"
"/Game/InfinityBladeEffects/Effects/FX_Materials/Mobile/M_FireBlast_Add_2sided_meshEmit.M_FireBlast_Add_2sided_meshEmit","0","50","50","1","26.613512","0","0"
"/Game/InfinityBladeEffects/Effects/FX/M_FogPlane01.M_FogPlane01","0","8","8","1","5.615473","0","0"
"/Game/EF_Lewis/Materials/brazier_unlit_Mat.brazier_unlit_Mat","0","46","48","1","30.343954","0","0"
